Workbook

Sheet Instructions
B2: Software Bill of Materials (SBOM) — FDA 510(k) / Premarket Template
B3: Aligned with FDA guidance "Cybersecurity in Medical Devices: Quality Management System Considerations and Content of Premarket Submissions" (issued Feb 3, 2026), Section 524B of the FD&C Act, and the NTIA Minimum Elements for an SBOM.
B5: IMPORTANT — Format of the Official Submission
B6: FDA requires a MACHINE-READABLE SBOM for cyber devices (industry-accepted formats such as CycloneDX or SPDX) in the eSTAR cybersecurity section of a 510(k). This Excel workbook is a human-readable WORKING / MANAGEMENT template and review companion — use it to assemble, track and review your component data, then generate the machine-readable SBOM your build tooling produces. It does not by itself replace the machine-readable file in the submission.
B8: What's in this workbook
B9: SBOM Metadata | C9: Document-level information about the device, the submission, and the SBOM itself — including the two NTIA document-level elements: Author of SBOM Data and Timestamp. Auto-counts components and flags.
B10: SBOM Components | C10: The core component inventory. One row per software component, with the NTIA minimum elements, the FDA additional lifecycle elements (support level + end-of-support date), classification, and security data.
B11: Vulnerabilities & VEX | C11: Per-component known vulnerabilities with CVSS, VEX status (Not Affected / Affected / Fixed / Under Investigation), VEX justification, clinical/safety impact, and remediation. FDA expects all known vulnerabilities to be identified, and VEX-style status reporting is expected for submissions.
B12: Lifecycle & Support Plan | C12: Obsolescence / end-of-support planning for components approaching or past EOS/EOL — risk, mitigation, compensating controls, owner and action dates. Supports the long (10–15 yr) device lifecycle FDA expects you to plan for.
B14: Required SBOM fields — and where each lives
B15: Requirement | C15: Source / Location in this workbook
B16: Supplier Name | C16: NTIA min element — SBOM Components, col. 'Supplier / Author Name'
B17: Component Name | C17: NTIA min element — SBOM Components, col. 'Component Name'
B18: Version of the Component | C18: NTIA min element — SBOM Components, col. 'Version'
B19: Other Unique Identifiers | C19: NTIA min element — SBOM Components, cols. 'Unique ID Type' + 'Unique ID Value' (CPE / PURL / SWID)
B20: Dependency Relationship | C20: NTIA min element — SBOM Components, col. 'Dependency Relationship'
B21: Author of SBOM Data | C21: NTIA min element — SBOM Metadata (document-level)
B22: Timestamp | C22: NTIA min element — SBOM Metadata (document-level)
B23: Level of support (actively maintained / no longer maintained / abandoned) | C23: FDA additional element (Sec. VII.C.3) — SBOM Components, col. 'Level of Support'
B24: Software component's end-of-support (EOS) date | C24: FDA additional element (Sec. VII.C.3) — SBOM Components, col. 'End-of-Support (EOS) Date'
B25: End-of-life (EOL) date | C25: SBOM Components, col. 'End-of-Life (EOL) Date' (component retirement; tracked alongside EOS)
B26: All known vulnerabilities | C26: FDA premarket expectation — Vulnerabilities & VEX tab
B28: How to use
B29: 1. Fill the SBOM Metadata tab first (device, submission, SBOM author and timestamp).
B30: 2. Enter one row per component on the SBOM Components tab. Rows shaded amber are EXAMPLES — overwrite or delete them.
B31: 3. Use the drop-downs (Unique ID Type, Component Type, Origin, Level of Support, VEX Status, etc.) for consistent values.
B32: 4. Enter EOS/EOL as real dates (YYYY-MM-DD). The 'Days to EOS' and 'Lifecycle Flag' columns calculate automatically and turn red when a component is past support or amber within 12 months.
B33: 5. Log every known vulnerability on the Vulnerabilities & VEX tab; set a VEX status (and justification if 'Not Affected').
B34: 6. For any component near/past EOS, complete a row on the Lifecycle & Support Plan tab.
B35: 7. Need more rows than pre-filled? Copy the last data row down — the formulas and formatting carry over.
B37: Disclaimer: This template is a working aid, not regulatory or legal advice. FDA guidance is non-binding and evolves — verify the current guidance and eSTAR requirements and consult your regulatory affairs function before submission.

Sheet SBOM Metadata
B2: SBOM Metadata
B4: Device & Submission
B5: Device Name
B6: Device Model / Catalog Number
B7: Manufacturer / Sponsor
B8: Submission Type | C8: 510(k) / De Novo / PMA / HDE / IDE
B9: Submission (e.g., 510(k)) Number | C9: If assigned
B10: Product Code / Regulation No.
B11: Device Software Version
B12: Top-Level / Primary Component | C12: Name of the device software this SBOM describes
B14: SBOM Document (NTIA document-level elements)
B15: Author of SBOM Data [NTIA] | C15: Person/tool that created this SBOM
B16: SBOM Timestamp [NTIA] | C16: Date/time SBOM generated (YYYY-MM-DD HH:MM)
B17: SBOM Version
B18: SBOM Format(s) for Submission | C18: CycloneDX / SPDX (machine-readable) + this workbook
B19: SBOM Generation Tool & Version | C19: e.g., Syft, CycloneDX, SPDX tool
B20: Primary Data Source | C20: Build pipeline / manual review / other
B22: Sign-off
B23: Prepared By
B24: Date Prepared
B25: Reviewed / Approved By
B26: Date Approved
B28: Auto Summary (calculated from other tabs)
B29: Total components listed | C29: =COUNTA('SBOM Components'!B3:B499) -> 1
B30: Components PAST end-of-support | C30: =COUNTIF('SBOM Components'!O3:O499,"PAST EOS*") -> 0
B31: Components with EOS within 12 months | C31: =COUNTIF('SBOM Components'!O3:O499,"EOS within*") -> 1
B32: Components no longer maintained / abandoned | C32: =COUNTIF('SBOM Components'!K3:K499,"No longer maintained")+COUNTIF('SBOM Components'!K3:K499,"Abandoned") -> 0
B33: Total vulnerabilities logged | C33: =COUNTA('Vulnerabilities & VEX'!D3:D500) -> 1
B34: Open Critical / High vulnerabilities | C34: =COUNTIFS('Vulnerabilities & VEX'!G3:G500,"Critical",'Vulnerabilities & VEX'!M3:M500,"<>Resolved")+COUNTIFS('Vulnerabilities & VEX'!G3:G500,"High",'Vulnerabilities & VEX'!M3:M500,"<>Resolved") -> 1

Sheet SBOM Components
A1: # | B1: NTIA Minimum Elements (baseline component data) | H1: Component Classification | K1: FDA Additional Elements — Sec. VII.C.3 / Lifecycle | N1: Lifecycle Status (auto) | P1: Security & Vulnerabilities | S1: Notes / Justification
B2: Component Name | C2: Version | D2: Supplier / Author Name | E2: Unique ID Type | F2: Unique ID Value | G2: Dependency Relationship | H2: Component Type | I2: Origin / Category | J2: License | K2: Level of Support | L2: End-of-Support (EOS) Date | M2: End-of-Life (EOL) Date | N2: Days to EOS | O2: Lifecycle Flag | P2: Known Vulnerabilities (CVE/IDs) | Q2: Patch / Update Mechanism | R2: Cryptographic Info (optional)
A3: EX | B3: OpenSSL | C3: 3.0.13 | D3: OpenSSL Software Foundation | E3: PURL | F3: pkg:generic/openssl@3.0.13 | G3: Required by: Secure Comm module (static link) | H3: Library | I3: Open-Source (OSS) | J3: Apache-2.0 | K3: Actively maintained | L3: 2026-09-07 | M3: 2026-09-07 | N3: =IF(L3="","",L3-TODAY()) -> -1 | O3: =IF(L3="","",IF(L3<TODAY(),"PAST EOS — UNSUPPORTED",IF(L3-TODAY()<=365,"EOS within 12 months","Supported"))) -> EOS within 12 months | P3: See Vulnerabilities & VEX tab | Q3: Vendor-signed OTA update | R3: TLS 1.3, AES-256, RSA-2048 | S3: EXAMPLE — replace with your data
N4: =IF(L4="","",L4-TODAY()) | O4: =IF(L4="","",IF(L4<TODAY(),"PAST EOS — UNSUPPORTED",IF(L4-TODAY()<=365,"EOS within 12 months","Supported")))
N5: =IF(L5="","",L5-TODAY()) | O5: =IF(L5="","",IF(L5<TODAY(),"PAST EOS — UNSUPPORTED",IF(L5-TODAY()<=365,"EOS within 12 months","Supported")))
N6: =IF(L6="","",L6-TODAY()) | O6: =IF(L6="","",IF(L6<TODAY(),"PAST EOS — UNSUPPORTED",IF(L6-TODAY()<=365,"EOS within 12 months","Supported")))
N7: =IF(L7="","",L7-TODAY()) | O7: =IF(L7="","",IF(L7<TODAY(),"PAST EOS — UNSUPPORTED",IF(L7-TODAY()<=365,"EOS within 12 months","Supported")))
N8: =IF(L8="","",L8-TODAY()) | O8: =IF(L8="","",IF(L8<TODAY(),"PAST EOS — UNSUPPORTED",IF(L8-TODAY()<=365,"EOS within 12 months","Supported")))
N9: =IF(L9="","",L9-TODAY()) | O9: =IF(L9="","",IF(L9<TODAY(),"PAST EOS — UNSUPPORTED",IF(L9-TODAY()<=365,"EOS within 12 months","Supported")))
N10: =IF(L10="","",L10-TODAY()) | O10: =IF(L10="","",IF(L10<TODAY(),"PAST EOS — UNSUPPORTED",IF(L10-TODAY()<=365,"EOS within 12 months","Supported")))
N11: =IF(L11="","",L11-TODAY()) | O11: =IF(L11="","",IF(L11<TODAY(),"PAST EOS — UNSUPPORTED",IF(L11-TODAY()<=365,"EOS within 12 months","Supported")))
N12: =IF(L12="","",L12-TODAY()) | O12: =IF(L12="","",IF(L12<TODAY(),"PAST EOS — UNSUPPORTED",IF(L12-TODAY()<=365,"EOS within 12 months","Supported")))
N13: =IF(L13="","",L13-TODAY()) | O13: =IF(L13="","",IF(L13<TODAY(),"PAST EOS — UNSUPPORTED",IF(L13-TODAY()<=365,"EOS within 12 months","Supported")))
N14: =IF(L14="","",L14-TODAY()) | O14: =IF(L14="","",IF(L14<TODAY(),"PAST EOS — UNSUPPORTED",IF(L14-TODAY()<=365,"EOS within 12 months","Supported")))
N15: =IF(L15="","",L15-TODAY()) | O15: =IF(L15="","",IF(L15<TODAY(),"PAST EOS — UNSUPPORTED",IF(L15-TODAY()<=365,"EOS within 12 months","Supported")))
... N121: =IF(L121="","",L121-TODAY()) | O121: =IF(L121="","",IF(L121<TODAY(),"PAST EOS — UNSUPPORTED",IF(L121-TODAY()<=365,"EOS within 12 months","Supported")))

Sheet Vulnerabilities & VEX
A1: Known Vulnerabilities & VEX (Vulnerability Exploitability eXchange)
A2: # | B2: Component Name | C2: Component Version | D2: Vulnerability ID (CVE/GHSA) | E2: CVSS Version | F2: CVSS Base Score | G2: Severity | H2: VEX Status | I2: VEX Justification (if Not Affected) | J2: Patient Safety / Clinical Impact | K2: Remediation / Mitigation | L2: Target / Resolution Date | M2: Status | N2: Notes
A3: EX | B3: OpenSSL | C3: 3.0.13 | D3: CVE-2024-XXXXX | E3: 3.1 | F3: 7.5 | G3: High | H3: Under Investigation | J3: Potential disruption of secure communications between device and server | K3: Assess applicability; deploy vendor patch in next OTA release | L3: 2026-08-15 | M3: In Progress | N3: EXAMPLE — replace with your data

Sheet Lifecycle & Support Plan
A1: End-of-Support / End-of-Life Planning (for components near or past EOS)
A2: # | B2: Component Name | C2: Version | D2: Supplier | E2: Support Level | F2: EOS Date | G2: EOL Date | H2: Days to EOS | I2: Risk if Unsupported | J2: Mitigation / Replacement Plan | K2: Compensating Controls | L2: Owner / Responsible | M2: Target Action Date | N2: Status
A3: EX | B3: OpenSSL | C3: 3.0.13 | D3: OpenSSL Software Foundation | E3: Actively maintained | F3: 2026-09-07 | G3: 2026-09-07 | H3: =IF(F3="","",F3-TODAY()) -> -1 | I3: Medium | J3: Upgrade to next OpenSSL LTS before EOS; validate in V&V | K3: Network segmentation; certificate pinning | L3: Eng Lead | M3: 2026-07-01 | N3: Planned
H4: =IF(F4="","",F4-TODAY())
H5: =IF(F5="","",F5-TODAY())
H6: =IF(F6="","",F6-TODAY())
H7: =IF(F7="","",F7-TODAY())
H8: =IF(F8="","",F8-TODAY())
H9: =IF(F9="","",F9-TODAY())
H10: =IF(F10="","",F10-TODAY())
H11: =IF(F11="","",F11-TODAY())
H12: =IF(F12="","",F12-TODAY())
H13: =IF(F13="","",F13-TODAY())
H14: =IF(F14="","",F14-TODAY())
H15: =IF(F15="","",F15-TODAY())
... H82: =IF(F82="","",F82-TODAY())
